Ulasan,label
pandang cafe bagus snack enak roti bakar kecewa harga rb dpt potong murah bahan,NEGATIF
vibesnya selera,NEGATIF
harga sesuai,NEGATIF
elek banget layan,NEGATIF
buruk banget layan,NEGATIF
buruk banget layan,NEGATIF
jelek layan,NEGATIF
lol layan,NEGATIF
aneh layan,NEGATIF
sabun cuci tangan kes pelit mosok sabun nggak busa banyak campur air sedikitkritik,NEGATIF
makan lumayan enak walapun kecewa kerupuk mepel lumayan bagus layan muas saji lumayan butuh jm saji,NEGATIF
masakan enak kuah bakso strong lada pentol bakso lumayan mini,NEGATIF
bebek bakar kek sisa kemaren sambelnya dingin beud kek dr kulkas,NEGATIF
suana nya pas hujan,NEGATIF
bagusmakanan lumayan cepatmasakan lumayan cm gak recomended utk kepiting rajungan krn gak sih dalam,NEGATIF
suasana cocok bagus pas malem pakai lampu siang serasa gersang banget makan perhati lezat yg atas harga k worth it laah cemilan blom sesuai selera sih voucher wifinya gak lot banget,NEGATIF
cahaya terang,NEGATIF
kasir butuh evalialuasi jutek bngt,NEGATIF
sopan juru parkir,NEGATIF
tukang parkir nya ramah sekalisongong sopan,NEGATIF
sea footnya fresh,NEGATIF
makan skrg enak gak kayak,NEGATIF
nasi nya mahal kerna jual harga rb minum nya ter mahal mahal,NEGATIF
tukang parkir tolong bina biar sopan,NEGATIF
suasana pandang  bagus monitor pesan lha tugas daftar menu pisang k ju antar bilang habis,NEGATIF
saji,NEGATIF
bagustapi kasir jutek,NEGATIF
view bagus masakan enak porsi,NEGATIF
makan nya bagus view laut kemarin pesan kepiting saus telur asin sayang nya ga sedia alat makan kepiting susah banget makan kepiting nya pesan ca tauge tauge nya kosong trus d ganti ca sawi sawi sawi pokcoi asin banget,NEGATIF
viewernya bagusharga mahal enak enak,NEGATIF
layan lambat tunggu makan jam,NEGATIF
menu kumplit,NEGATIF
karyawannya sopan masak ngasih minum lempar raja ramah unjung keluar uang percaya isi pertunya,NEGATIF
makanannnya aja rujak kelang asin bumbu,NEGATIF
mahal,NEGATIF
kecewa sen cumi pete bilang trnyata pas kluar gk petenya,NEGATIF
beli ayam bakar ayam goreng makan dingin air enak makan,NEGATIF
suasana nya baguss fotofoto makan layan lambat banget klo makan recomended klo fotofoto ok,NEGATIF
oke masakan tdk ya,NEGATIF
ikan bakar segar bumbu manis rekomendasi suka makan pedas sayur toge tumis kangkung bumbu tampil tarik,NEGATIF
bagus menu muas,NEGATIF
alam buruk kali kecewa banget rumah makan asela inipadahal suka banget makan macet jalan pas nyampek hidang mengecewakantepatnya tgl mei kmi rombong mkn disinisemua sesuai dgn harga tolong kalo bahan habis tutup hidang hidang yg tdk masuk akal dgn harga,NEGATIF
menu masakan serba lengkap saji lumayan yg udah kelaperan mah bikin emosi,NEGATIF
keren makan meeeh banget mahal enak antri ribet,NEGATIF
kesini pas libur lebaran porsi nasi goreng kurang paruh harga kecewa,NEGATIF
muas minum ga sambal ga layan,NEGATIF
aja nyadan tunggu masuk,NEGATIF
layan pesan jam dateng pesan jam layan perhati pesan langgan pribadi keluarga bintang,NEGATIF
pandang bagus bersih spot foto layan kompeten tunggu pesan harap milik karyawan manajemen spot milik pandang ganggu buang sampah tempat pikir ganti,NEGATIF
tempat bagus hobby selfy kes kotor tugas bersih peka bersih menu makan cita,NEGATIF
ramadhan jelang buka puasa saran sedia tukang adzan,NEGATIF
mantabmakan tepi laut spot foto yg unikhanyacara layan saji makan ditraining table manersnya,NEGATIF
sekian kali tempat nyaman untung mesen jus jambu gak enak busuk,NEGATIF
tmptnya enak view nya kl jam sunset it bagus banget sayang masakanya,NEGATIF
lokasi ok selfie nongkrong ok pandang keren makan standar utk ukur madura mahal sih menu udang kerang cumi rb bebek ayam goreng makan modifikasi nikmat cumi asam manis cuminya pake goreng dgn tepung kerang aneh seafoodnya hilang yg tdk butuh makan enak nongki cantik dgn kel ato preweed yg cocok recommended,NEGATIF
pulang meja uda geser orang yg booking piring es teh abis uda ambilin smua kayak ngusir selesai makan kecewa,NEGATIF
oke tp makan adduh ga enak mohon maaf,NEGATIF
buruk kasir layan nya sahaja kes judes sombong layan langgan mes,NEGATIF
layan ga banget,NEGATIF
view nya instagramable bgt makan segar aga kecewa,NEGATIF
harga jangkau lumayan mahal beda klo yg murah gk kantong kering kalo skrg klo pgn asela hrs kudu nyangu uang bnyak,NEGATIF
bnr kecewa alam kemaren aq ngasih bintang,NEGATIF
tudak bintang kecewa konsisten,NEGATIF
buruk,NEGATIF
paham,NEGATIF
layan lumayan rempah rempah pas,NEGATIF
bagus sih mahal dikit coba rang harga ramah kantong,NEGATIF
bintang makan stabil klu lgi rame down layan buruk sesuai pesan pesan pas dipacking makan enak cepat manajemen,NEGATIF
kotor,NEGATIF
pelayananx lot,NEGATIF
lokasi bagus pandang indah makan agam pilih sesuai anggar milik,NEGATIF
emang asela,NEGATIF
view nya bagus cuman makan ok,NEGATIF
makan sepi layan ramah antri makan sesuai duluan makan langgan,NEGATIF
bagus nyaman suguh pandang laut sayang pas kesana layan enak naruh dan gitu aja langgan patah kata tekan layan,NEGATIF
masuk mohon nemperhatikan masakan cuman yg dibagusin,NEGATIF
makan enak sesuai harga sesuai semboyan nya makan senang jiwa tenang sekrang minum nya kacau klw jeruk dah busuk jgan kasih boss semut sumpah gak minumterus sambel nya sambel nya goreng mentah gak enak masak orang suruh minum jeruk busuk tolong baik jgan ngasih costumer,NEGATIF
tempat asyik foto ayam bakar mantap,NEGATIF
management order muas,NEGATIF
warung asela buka jm lokasi jalan raya slabayan sejati camplong sampang parkir mobil motor luas bagus sedia toilet mushola luas,NETRAL
lokasi warung asela mudah jangkau pinggir jalan raya menu makan agam abanyak pilih aneka olah ayam bebek kepiting udang cumi dsb,NETRAL
makan nuansa pantai menu agam ready,NETRAL
pinggir laut,NETRAL
menu seafood menu ikan bakar ayam bebek dll minum jus minum teh legendaris dll tempat luas acara keluarga,NETRAL
jalan raya utama sampang pamekasan,NETRAL
pandang pantai,NETRAL
asela restoran makan meyediakan aneka kuliner,NETRAL
rumah makan pinggir laut daerah camplong pulau madura,NETRAL
recomended makan kolega keluarga,POSITIF
jual ramah buah jambu yg beli manis segar top deh,POSITIF
harga nya nyaman kantong masakan enak tambah view pantai jual macem kue khas madura,POSITIF
sensasi makan atas lautwaktu angin ombak besarjadi mengasykan,POSITIF
lokasi resto strategis utk singgah jalan sumenep bangkal pandang lepas selat madura layan ramah bintang,POSITIF
suasana asela bagus sih pinggir pantai malem cantik,POSITIF
nyaman makan rapat menu makan spot selfie bagus suasana laut yg sepoi,POSITIF
makan enak pandang pantai sore mushola suasana instagramable,POSITIF
baik,POSITIF
tempat enak masakan enak,POSITIF
bagus makan enak,POSITIF
enak banget makan nya nya nyantai sore asyikk,POSITIF
mantap murah nyaman,POSITIF
enak pikir tenang adem poko enak,POSITIF
mantul,POSITIF
bagus selfi satu dg alam,POSITIF
bagus,POSITIF
bagus,POSITIF
restoran cicerellos perth australia barat restoran pantai pandang angin sepoisepoi makan enak harga masuk akal jangkau,POSITIF
senang makan,POSITIF
makan sih porsi banget minum es jeruk jeruk udah busuk saran aja tolong cek kondisi buah saji langgan,POSITIF
bagus,POSITIF
suka,POSITIF
temptnya baguspelayanan ramahpelayanya gercepkasir tolong full senyum ya,POSITIF
senang,POSITIF
pandang bagus makan lumayan enak,POSITIF
murah bagus viwenya pelangganya ramah,POSITIF
pandang indah layan,POSITIF
muas layan cepat sigap next order,POSITIF
sore nyaman negeri madura awan tipis milir angin aroma masakan hmm es hmm kopi pahit,NEGATIF
spot instagramable sejuk bersih layan cepat,POSITIF
mantap,POSITIF
yg dipinggit laut persis nyaman,POSITIF
lengkap nyaman,POSITIF
tarik,POSITIF
keren sih konsep makan bareng keluarga view laut enak makan,POSITIF
anjur,POSITIF
pamekasan kali mampir kesini layan ramah masakanya enak aneka ragam tempat enak ngumpul kerluarga doi ato temen spot foto inti rekomen,POSITIF
enak santai bareng keluarga,POSITIF
senang kumpul keluarga,POSITIF
harga mahal,POSITIF
tempat recommended banget masuk suguh dg view makan dg nikmat milir angin laut segar makan nya mantap pokok nya,POSITIF
makan agam kualitas mantap lokasi strategis pinggir jalan raya akses mudah pinggir jalan raya parkir luas suasana rumah makan asela bagus spot foto pandang pantai,POSITIF
mantap pandang laut exotic senja masyaallah tdk bs cocok foto foto,POSITIF
beli suasana cocok,POSITIF
bagus murah kualitas,POSITIF
alam makan ikan laut langsung pinggir pantai kesan tempat cozy instagramable,POSITIF
makan santai enak sahabat jaga sudut keluh langgan duduk variasi pilih mana sambung wifi gratis,POSITIF
resto seafood nya ok banget menu super lengkap pelayananya muas pramusaji super ramah kasir humanis moga assela lancar barokah usaha,POSITIF
menu makan enak luas parkir mobil luas pandang depet,POSITIF
first time kesini udah jatuh hati suasana makan enak batitaku habis makan gurame bakar mhihih harga tau suami yg bayar wkakaka so far gak nyesel kesini,POSITIF
restoran,POSITIF
nyaman,POSITIF
enak kalo sambelnya tambahin varian tempat asyik kadang khawatir kalo bawa anak,POSITIF
tempat nyaman yg senang selfie sore jelang malam,POSITIF
masyaallah nyaman indah keluarga sahabat,POSITIF
masakan enak nuansa pantai indah layan ramah,POSITIF
mantap strategis asela inap bikin hotel rasmi singgah yg libur kota,POSITIF
suasana nya nyaman pandang laut nya keren layan cepat harga murah lumayan,POSITIF
view pinggir laut banget better booking,POSITIF
bagus senang makan mantap,POSITIF
tempat sejuk klo sore jelang malam pandang bagus banget,POSITIF
recom acara keluarga kantor,POSITIF
makan nya enak layan nya cepat suasana nyaman,POSITIF
ramah sopan,POSITIF
menu makan variatif sambal enak suasana senang layan ramah fast respon,POSITIF
yg bagus rekomendasi utk yg makan libur,POSITIF
asyik rame keluarga,POSITIF
jalan warung cocok jadi makan istirahat suasana nyaman milir angin laut menu makan lengkap,POSITIF
tempat cocok nongkrong malam makan enak harga rasional,POSITIF
suasana yg bagus makan enak,POSITIF
mantap bagus viewnya masuk akal harga,POSITIF
nyamanindah pandang,POSITIF
pas butuh vitamin c recommended,POSITIF
tempat enak makan enak pandang arah laut bagus,POSITIF
luas parkir luas menu lengkap enak bersih view bagus malam sampang mampir,POSITIF
mantap,POSITIF
strategis pinggir jalan harga jangkau tempat asyik foto keluarga,POSITIF
kesan makan restoran aseladisuguhi pandang laut yg birudihiasi ornamen ciamikwarung asela letak bangkalanmadura,POSITIF
mantap,POSITIF
suasana bagus spot foto,POSITIF
favorit jalan madura timur pulang mampir lebar makan spot fotomakanan minum yg tawar oke harga jangkau mantab,POSITIF
makan enak n view laut baguscocok meeting makan keluarga pacar,POSITIF
buaguss poll,POSITIF
cocok nongkrong ngerjain tugasharga bikin kantong kosong,POSITIF
mantap,POSITIF
suasana pinggir laut cocok santa,POSITIF
sempurna,POSITIF
makan enak madura lokasi pinggir pantai,POSITIF
makan lumayan enak dg view langsung pantai pelayananya sigap,POSITIF
masakan enaaak ayam kampung nya baik kulit kriuk suasana nyaman cocok kumpul keluarga kolega,POSITIF
makananannya enak seru lihat sunset pas sore,POSITIF
cocok keluarga,POSITIF
ok mantap pandang nya harga nya ter jangkau,POSITIF
masakan enak nomor meja permanen agaka masakan cari nomor meja layan kalo permanen cepat ketemu,POSITIF
makan murah serta pandang indah,POSITIF
bagus,POSITIF
worth it harga sesuai makan nyaa enak bgt kalo nongkrong bareng temen bareng keluarga orang sayang suasana romantis nya wkwk,POSITIF
lumayan,POSITIF
layan bagus makan minum enak pandang indah,POSITIF
makan enak,POSITIF
warung enak nyaman suasana udara segar,POSITIF
tempat nyaman,POSITIF
lumayan cocok view makan riskan anak saran moga sedia khusus bebas asap rokok langsung kena angin laut kasi yg bawa anak,POSITIF
tempat ajiiibb bnget cocok santai makan lumayan tpi ga enak ya tpi oke,POSITIF
menu enak mushola nyaman toilet bersih,POSITIF
tempat bagus,POSITIF
menu lengkap makan enak oke,POSITIF
maka tuh kerennnviewnya loh masakan nya oke top banget deh,POSITIF
bagus view pantai nya enak makan nya,POSITIF
asyik nongki keluarga hidang lezat seafood dll,POSITIF
makan tempat,POSITIF
asela kliatan aja pas masuk dalam sungguh manja mata pandang manja lidah cita masakan enak,POSITIF
direkom sm teman dipamekasanakhirnya mlipir tempat inicukup rame pas datangpesan menu dikasirstafnya ramah sabar maka minum dg cepat harga yg jangkau yg cocok lidah sayaview yg bagusmeski malam haritrimakasih ebok enibuat info kulinernyaa,POSITIF
luas nyaman deket laut,POSITIF
cocok kl untk mampir malam view bagus,POSITIF
mantap,POSITIF
bagus nya recomended banget dah makan nya enak,POSITIF
nyaman harga murah,POSITIF
suasana pandang bagus,POSITIF
pandang indah makananan yg enak,POSITIF
tempat estetik nyaman santai bareng keluarga teman,POSITIF
masakan muantap suasana bagus tambah lezat dlm nikmat hidang,POSITIF
parkir pada menu masakan variasi segi lumayan format restoran view tawar dukung suasana malam hubung pinggir laut antisipasi masuk angin saran suasana mendung,POSITIF
kelas warung sih lokasi makan bernuasa pantai yg beda dr yg makan lumayan agam,POSITIF
cocok utk bawa keluarga,POSITIF
bagus foto spot bagus foto background bagus layan karyawan sopan makan sesuai selera enak bagus harap rekomendasi kunjung,POSITIF
pergi restoran keluarga menu makan enak,POSITIF
nyaman cozy kini bikin nagih trus layan ramah spot foto instagramable,POSITIF
laut malam saat air pasang milir angin tambah suasana tenang,POSITIF
layan cepatdan suasana pantai suka,POSITIF
seru makan d,POSITIF
makan padu pandang laut cocok banget cinta kuliner cuci mata,POSITIF
view bagus banget recommended pas malam krn air laut pas surut angin kenceng bgt,POSITIF
view bagus layan profesional,POSITIF
mantab massehh,POSITIF
asik,POSITIF
enak santai,POSITIF
enak menu recommended enak sedep ikan bakar sambal habis bill rb gak mahal tempat bagus photoable bgt,POSITIF
makan yg sedia enak harga sesuai suasana pantai dg ornamen buat kurang indah suasana pantai,POSITIF
mantap gan ulang,POSITIF
best ikan bakar pulau madura,POSITIF
jujugan makan madura makan cocok lidah foto foto malam serangga,POSITIF
nyaman,POSITIF
bagus,POSITIF
bagus banget,POSITIF
instagramable mana diri situ kece foto foto pas malam lampu makan harga jangkau enaaak,POSITIF
syahdu,POSITIF
lokasi mudah akses area pantura makan yg rekomendasi harga yg bershabat suasana yg nyaman area pantai,POSITIF
lokasi bagus rumah makan pantai menusesuai selera lidah yg spot foto,POSITIF
mantap,POSITIF
makan lumayan enak pandang pantai indah,POSITIF
ramai weekend sy kesini minggu reservasi parkir penuh makan penuh layan lambat tunggu pesan makan antri bayar pesan makan udang bakar enak,POSITIF
menu enak sayang nasi sedia dingin hangatberas yg pakai kualitas bagus,POSITIF
tempat bagus parkir luas mushola bagus toilet bersih makan enak layan ramah muas,POSITIF
suasana instagram makan enak,POSITIF
lumayan bagus,POSITIF
enak higienis,POSITIF
juju kalo madura menu super lengkap harga masuk akal pandang bagus bangetttt kalo pasang tempat luas bagus enak makan keluarga,POSITIF
pandang indah sore malam,POSITIF
mantap,POSITIF
rumah makan yg view langsung laut selat madura menu khas nya seafood inti rumah makan jargon makan senang jiwa tenang lupa ramah disabilitas loh,POSITIF
tempat nyaman bersih menu makan enak,POSITIF
warung pakai google map biar langsung ketemu lokasi menu harga kecewa,POSITIF
rekomended pulau madura,POSITIF
top markotop,POSITIF
first time asela fikir seafood aja menu buanyaaak pilih seafood jugag tempat bersih instagramable malam mushola bangun cantik layan makan antar meja,POSITIF
layan bagus,POSITIF
pandang bagus,POSITIF
cinta seafood sila coba ya tempat bagus bgt sby,POSITIF
bagus,POSITIF
resto tepi pantai konsep unik santap menu makan tani pandang laut angin sepoi sepoi tempat enak nyaman santai area unjung foto selfie foto keluargateman layan tunggu menu variatif enak harga standar musholla sholat kamar mandi bersih area parkir mobil luas,POSITIF
hebat,POSITIF
tempat bagus makan enak,POSITIF
tempat asik dinner nongkrong sore,POSITIF
mayan makan keluarga spot foto makan enak agam cm nunggu,POSITIF
tempat nyaman pandang dann nuansa pantai adem masakan enak sy suka singkong keju nya,POSITIF
murah riah nyaman,POSITIF
harga makan minum ramah kantong estetik air pasang bagus,POSITIF
maaah udah viral mantap pokoknaaahh,POSITIF
mkanan lumayan enak harga standar resto pd viewnya langsung laut layan cpt toilet bersih,POSITIF
restoran rekomendasi,POSITIF
best of the best makan suka puas banget dg parkir luas spot fotofotonya instagramble banget,POSITIF
parkir luas restonya nyaman recomended,POSITIF
nyaman,POSITIF
tempat luas view selat madura tawan saji menu makan cepat signage papan pemberitanuan utk jaga bersih sayang unjung yg biasa buang sampah langsung laut,POSITIF
yg nyaman tuk cari udara pantai,POSITIF
ramah murah enak,POSITIF
nya bagus laut bersih harga makan jangkau enak cocok rekreasi bareng keluarga temanteman,POSITIF
mantab layan menu nya recommended,POSITIF
view nya bagus makan atas laut spot foto makan nya enak jual makan perhati recomended,POSITIF
baik,POSITIF
bagus,POSITIF
sebenere makan okee view pandang tmpt photo nya ngenak banget sayangg bangett bbrpa mbak kasir nya kurangg ramahh layan bagus yg nganter mkanan,POSITIF
view bagusmakanan enakpelayanan lumayantapi sayang ada sampah tisuue sampah berserakanbahkan kotor air tingkat,POSITIF
masakan view pelayananannya bagus,POSITIF
nyaman makan keluarga teman menu hidang laut spot foto yg hadap langsung laut,POSITIF
makan indonesia nasi goreng rumput laut enak,POSITIF
tempat bagus nyaman kumpul orang cinta,POSITIF
high recommended layan ramah tempat instagramable panas kesana makan lezat,POSITIF
bagus lumayan enak,POSITIF
nikmat hidang nikmat nikmat pandang al mi,POSITIF
enak,POSITIF
bagus,POSITIF
masakan enak bagus layan nya oke,POSITIF
tempat bagus pandang indahmasakannya enak layan ramahtempat nongkrong wisata,POSITIF
tempat nyaman viewnya laut,POSITIF
view laut oke,POSITIF
aplikasi mantap,POSITIF
nayamul,POSITIF
suasana asyik,POSITIF
sip,POSITIF
enak rebah,POSITIF
nya ok makan orang jawa cuvok meong,POSITIF
suka banget gag rugi deh dri sidoarjo kesini pandang bagus mushola bagus toilet bersih banget makan enak kalo tugas kesini mampir,POSITIF
makan nya enak layan tolong dtingkatkan lgi dri mesan mkanan mbak nya kyak gk gerak cepat ngelayani,POSITIF
makan senang jiwa tenang,POSITIF
bagus banget,POSITIF
senang,POSITIF
suasana bagus malam staf gercep sih meja bekas unjung overall makan enak,POSITIF
tempat enak makan tingkat,POSITIF
mantap,POSITIF
menu tokcer,POSITIF
bersih,POSITIF
bagus vuew nya warung laut,POSITIF
mantaf,POSITIF
fiu nya bagus suka,POSITIF
ikan segar enak,POSITIF
sensasi makan pinggir laut,POSITIF
kali unjung bagus makan enak layan bagus fasilitas bagus baik toilet,POSITIF
bagus indah pantai,POSITIF
asyik,POSITIF
bagus,POSITIF
ken kerang hijau,POSITIF
makan enak pandang bagus,POSITIF
lumayan,POSITIF
makan nongkrong cocok banget healing view laut tenang juara deh gak bal healing harga makan minum jangkau start k minum k makan btw menu andal seafood snacknya aja udah enak loh mesti main course enak yaa jujur coba next cobain toilet mushollanya bersih view laut yg bersih spot foto tarik duduk leseh muat anak mesti jaga ya makan takut main pagar langsung pinggir laut sampangpastikan mampir kesini recommended,POSITIF
baik santap pandang indah,POSITIF
bagus makan enak jajan nya enak,POSITIF
tempat keren suasana nyaman malam asyik banyak spot foto sedia gratis lokasi restoran atas laut suasana nyaman harga makan standart,POSITIF
makan karna valeu sendiri segi makan,POSITIF
nikmat seafood warung patut coba olah enak pilih lokasi mudah akses fasilitas mushalla kamar mandi bersih parkir mobil luas,POSITIF
mantaaapbisa kerja,POSITIF
bagus bersih makan lumayan kemaren kepiting fresh,POSITIF
makan enak suasana ok,POSITIF
toilet musholla bersih makan enak,POSITIF
pandang bagus milir,POSITIF
senang,POSITIF
muas,POSITIF
tempat asyik nongkrong malam krn atas pantai,POSITIF
bagus luas,POSITIF
menang spot foto aja klo,POSITIF
sekian dengar cerita warung sempat simpul puas fisik beda warungwarung makan madura,POSITIF
yg cantik romantis pabila malam cocok kunjung keluarga teman,POSITIF
lumayan layan cwoknya cengengesan,POSITIF
tempat bagus,POSITIF
menu agam pandang laut,POSITIF
suasana bagus bahan makan fresh masakan standar istimewa tingkat,POSITIF
makan viewnya epic,POSITIF
kafe kangen bikin kangen pingin kesitu sejuk makan enak pas kantong muda mud,POSITIF
favorit,POSITIF
ragu kali kesini kecewa keren sukses asela,POSITIF
solidaritas,POSITIF
tempat bagus spot foto layan maksimal,POSITIF
murah yg nyaman,POSITIF
bagus,POSITIF
ikan kerapu mantaaap,POSITIF
ok enak,POSITIF
suka pemandangany pantai dgn d hias lampu yg kini cocok remaja keluarga utk santa malam,POSITIF
layan bagus tempat sejuk makan good,POSITIF
mantap,POSITIF
view nya kureeen kayak foto,POSITIF
bagus,POSITIF
mantappppp,POSITIF
makananya enak banget,POSITIF
malam bagus pandang,POSITIF
ok mantap,POSITIF
warung asela rumah makan nyaman patut salah pilih biladateng madura karna makan nya enak asyik pilih utk foto selfi tdk warung asela sj kunjung tdk lengkap sempurna warung asela keren banget,POSITIF
lokasi asyikmakanan ringan minum enak dg harga yg sahabat sayang mengincipi seafoodnya lapar,POSITIF
ikan segar,POSITIF
fuyunghai nya the best,POSITIF
bagus,POSITIF
pandang alam laut indah makan agam nyaman,POSITIF
warung makan harga sahabat kantong tempat indah,POSITIF
suasanax sih oke lumayan keren,POSITIF
bagus sore,POSITIF
sip,POSITIF
bagus quality time keluarga sahabat saji makan lumayan standart harga pricey bonus makan laut,POSITIF
recommended banget tempat nyaman makan lezat,POSITIF
pandang pinggir pantai bagus,POSITIF
salah rumah makan daerah pamekasan sampang pandang laut bagus baik sore jelang malam nikmat sunset hidang laut asela,POSITIF
keren abis,POSITIF
rame,POSITIF
warung asela mantap cocok libur keluarga dar santa menu saji pilih porsi pribadi paket rame menu andal ikan bakar yummy,POSITIF
nyaman,POSITIF
bagus bnget tempat seru solatnya,POSITIF
mantab ayam bakar enak gurami asam manis nya jg ok,POSITIF
lumayan,POSITIF
makan yg kab sampang yg ramah enak keluarga teman pacar sahabat pokok tempat,POSITIF
nyaman estetik,POSITIF
tempat lumayan asik nongkrong mandang laut enak dateng sore jelang sunset gak liat sunset makan b aja harga standar ya,POSITIF
tempat cozy parkir luas,POSITIF
sedia makan sea food yg mantap aneka menu yg cocok utk keluarga,POSITIF
sip,POSITIF
mantap,POSITIF
pandang juara makan,POSITIF
makan nya enak jangkau nya keren,POSITIF
nyamanpemandangan indahrecomended dech,POSITIF
siiip,POSITIF
layan cepat enak bersih harga sesuai sayang waiter iseng buang botol aqua laut,POSITIF
suka,POSITIF
masakan enak,POSITIF
tempat asik view langsung laut lepas,POSITIF
makan yg bagus view nya makan enak inti rekomendasi banget makan yg,POSITIF
makan laut pandang laut,POSITIF
siip,POSITIF
pas refresh nyoba yuukkk,POSITIF
pelyananya bgus krywan nya slbih nya bgus murah,POSITIF
sih bagus makan enak so so ya sampang dapet syukur keluh,POSITIF
bagusmakanan enak spot foto isi galeri sosmed,POSITIF
masakan nya enak konsep restoran apung tepat atas pantai tarik datang sore malam pandang nya bagus view laut lepas untu bawa anak harap pantau kuatir jatuh laut,POSITIF
suasana bagus buka nya jam malam,POSITIF
makan enak udang bakar enak datang kadang salah,POSITIF
ulang madura ga ga mampir makan siang asela,POSITIF
cocok utk acara keluarga,POSITIF
mantap,POSITIF
view bagus layan cepet ramah mushola bersih,POSITIF
warung yg enak makan,POSITIF
eksotik harga eksekutif kelas,POSITIF
tempat adem,POSITIF
rm asela desa sejati indah,POSITIF
pandang indah masakan enak request sblmnya mantap,POSITIF
mantap,POSITIF
menu mantap harga sesuai,POSITIF
bagus nyaman makan standar,POSITIF
makan enak lokasi asik,POSITIF
makan pinggir pantai lumayan xaman layan ikan bakar faforet,POSITIF
bagus,POSITIF
qw suka iga bakar enak banget seafood nya fresh mantull dekorasi warung lumayan cantik mantep deh pokok,POSITIF
mantap,POSITIF
nyamanmakanannya enakcepat proses masaknyapemandangannya oke,POSITIF
bagus murah intagramebel,POSITIF
viewnya mantab kalo makan standar harga murah,POSITIF
tempat bagus layan gampang ramah harga standart mahal ragu fyi mending reservasi online nyampek langsung hidang tunggu,POSITIF
nyaman rasa kuliner seafood nikmat suara deru ombak pantai,POSITIF
view lumayan bagus cm makan luar expetasi banget,POSITIF
bantu,POSITIF
nyaman layan cepat,POSITIF
bersih laut,POSITIF
kali tempat inidan banyak keluarga orang cinta,POSITIF
samping tempat prospek layan bagus menu ragu insyaallah ajib ajib mantap rm asela meiliki frekuensi unggul,POSITIF
mantappp,POSITIF
enak,POSITIF
tempat baguusmakan wisata layan cepatrasanya jg enaak banyaak pilihaan menu makan minum ikaancumiudangayamaneka camil,POSITIF
camplong wajib mampir makan ok yg spot foto bagus sore jelang malam keren lokasi,POSITIF
bagus makan enak,POSITIF
apik santai makan enak angin kencang,POSITIF
enak pinggir laut masuk angin dech,POSITIF
masakan seafood kali nemu yg premium harga jangkau yg sambal g pedes,POSITIF
mantul,POSITIF
rumah makan dg nuansa pinggir pantaiasik makan nikmat suasana laut tpi saji makan msh,POSITIF
byk spot yg cantik,POSITIF
lumayan foto foto makan nya enak,POSITIF
pandang laut bagus,POSITIF
seru asik,POSITIF
mantap,POSITIF
mantap,POSITIF
kl sampang mampir pantai camplong stlh wajib ksini restonya gede keren layan bagus makan sll enak,POSITIF
mantap makan pandang lau luas yg indah,POSITIF
bagus,POSITIF
enak instagramable,POSITIF
warung makan representatif kalah warung jenis pulau jawa bal bagus relasi rekan kerjabisnis,POSITIF
cinta kuliner mana wajib coba asela initempat parkir luas khusus mobil masuk halaman pinggir jalandikala senja pemandanganya bagus lampu nyalakancocok santai keluarga pasang,POSITIF
nya enak santai makan teman teman keluarga,POSITIF
asik nyaman santai,POSITIF
asela ubah masakan muas,POSITIF
cafe murah riah,POSITIF
hati tenang perut kenyangkuat,POSITIF
ademmm mantull,POSITIF
layan cepat,POSITIF
alhamdulilla puas,POSITIF
favorite,POSITIF
muas,POSITIF
makan enak,POSITIF
sekian kali makan simpul makan enakkk harga jangkau,POSITIF
bagus bersih makan enak sekaleee,POSITIF
lumayan bagus harap bersih dtingkatkan resto pantai,POSITIF
nyaman suasana pinggir laut sayang makan yg pesan gurami telur asin saos telor asin rasa amis moga cuman alami slain good,POSITIF
pandang laut nya bagus,POSITIF
warung buka aman kondisi pandemi makan enak mahal jual suasana spot foto suka selfi foto objek mushola toilet bersih banget jual oleholeh paket komplit kalo pas mampir pamekasan makan super nyaman,POSITIF
puas banget layan makan enak banget,POSITIF
makan top,POSITIF
klo sich gak makan cuman aja sana ramai unjung,POSITIF
msakanx lumyan enak tmpat mngikuti tren skrang enak jg klo mkan breng sm temenkeluarga,POSITIF
tempat bagus seh sayang krn lg kondisi pandemi ndak bs mkn utk makan oke harga jg ndak mahal,POSITIF
strategis,POSITIF
layan mantap saji cepat pandemi nya sepi jamin kagak sesal viem foto bagus,POSITIF
sempurna,POSITIF
suka,POSITIF
makan enak tempat bagus viewnya bagus banget,POSITIF
indah,POSITIF
apiiiik nyaman,POSITIF
tempat enak pw enak pasang keluarga neskipun harga bilang mahal worth it suguh,POSITIF
bagus tempat nyaman santa keluarga,POSITIF
yg nyaman damai,POSITIF
rekomended bersih cepat enak,POSITIF
warung makan letak tepi laut cocok malan keluarga teman pasang milik spot foto instagenic view bagus nikmat sunset,POSITIF
bagus,POSITIF
sukaa sekaliiibagusss bnget viewxcocok selpa selphie,POSITIF
viewx bagus makan enak harga standar,POSITIF
momen keluarga,POSITIF
ramai,POSITIF
enak nyaman tempat,POSITIF
mantab,POSITIF
tempat bagus layan ok,POSITIF
pentol kuah mantep,POSITIF
bagus makan keluarga tunggu hidang foto pandang laut indah,POSITIF
langgan lokasi mudah jangkau pinggir laut meja makan yg variatif parkir luas harga sesuai langgan,POSITIF
makan lihat pandang laut nyaman,POSITIF
tempat muas hidang enak,POSITIF
ayo kesini,POSITIF
makan siang tani pandang laut yg indah benar keren,POSITIF
rekomended place,POSITIF
enak jangkau spot foto instagramable pandang lepas pantai,POSITIF
